SPONSORED BY GRASSROOTS ANALYTICS,,,,,,,,
Calculated by The Downballot,,,,Subscribe to our newsletter,,,,
District,Incumbent,Party,2024,,,2020,,
,,,Harris,Trump,Margin,Biden,Trump,Margin
AK-AL,Nick Begich,(R),41,55,-13,43,53,-10
AL-01,Barry Moore,(R),32,68,-36,,,
AL-02,Shomari Figures,(D),42,57,-14,,,
AL-03,Mike Rogers,(R),26,73,-47,,,
AL-04,Robert Aderholt,(R),16,83,-66,,,
AL-05,Dale Strong,(R),35,64,-29,,,
AL-06,Gary Palmer,(R),32,67,-35,,,
AL-07,Terri Sewell,(D),58,41,18,,,
AR-01,Rick Crawford,(R),26,72,-45,28,69,-41
AR-02,French Hill,(R),41,57,-16,42,55,-13
AR-03,Steve Womack,(R),36,61,-25,37,60,-23
AR-04,Bruce Westerman,(R),29,69,-40,31,66,-35
AZ-01,David Schweikert,(R),48,51,-3,50,49,1
AZ-02,Eli Crane,(R),42,57,-15,45,53,-8
AZ-03,Yassamin Ansari,(D),69,29,40,75,24,51
AZ-04,Greg Stanton,(D),53,46,7,54,44,10
AZ-05,Andy Biggs,(R),39,59,-20,41,57,-16
AZ-06,Juan Ciscomani,(R),49,50,-1,49,49,0
AZ-07,Adelita Grijalva,(D),60,38,22,66,33,33
AZ-08,Abe Hamadeh,(R),41,58,-16,43,56,-14
AZ-09,Paul Gosar,(R),34,65,-31,36,62,-26
CA-01,James Gallagher,(R),54,42,12,,,
CA-02,Jared Huffman,(D),61,36,25,,,
CA-03,Kevin Kiley,(I),53,43,10,,,
CA-04,Mike Thompson,(D),56,41,15,,,
CA-05,Tom McClintock,(R),38,59,-21,,,
CA-06,Ami Bera,(D),53,44,8,,,
CA-07,Doris Matsui,(D),55,42,13,,,
CA-08,John Garamendi,(D),65,31,34,,,
CA-09,Josh Harder,(D),54,43,11,,,
CA-10,Mark DeSaulnier,(D),65,32,34,,,
CA-11,Nancy Pelosi,(D),82,14,68,,,
CA-12,Lateefah Simon,(D),85,11,74,,,
CA-13,Adam Gray,(D),49,48,0,,,
CA-14,Aisha Wahab,(D),65,31,35,,,
CA-15,Kevin Mullin,(D),72,24,48,,,
CA-16,Sam Liccardo,(D),72,24,48,,,
CA-17,Ro Khanna,(D),67,28,39,,,
CA-18,Zoe Lofgren,(D),63,34,28,,,
CA-19,Jimmy Panetta,(D),65,31,34,,,
CA-20,Vince Fong,(R),33,65,-32,,,
CA-21,Jim Costa,(D),52,46,6,,,
CA-22,David Valadao,(R),48,50,-2,,,
CA-23,Jay Obernolte,(R),39,58,-19,,,
CA-24,Salud Carbajal,(D),61,36,25,,,
CA-25,Raul Ruiz,(D),52,46,6,,,
CA-26,Julia Brownley,(D),56,41,15,,,
CA-27,George Whitesides,(D),53,44,10,,,
CA-28,Judy Chu,(D),61,36,25,,,
CA-29,Luz Rivas,(D),65,32,34,,,
CA-30,Laura Friedman,(D),68,28,40,,,
CA-31,Gil Cisneros,(D),55,42,12,,,
CA-32,Brad Sherman,(D),61,36,25,,,
CA-33,Pete Aguilar,(D),53,44,10,,,
CA-34,Jimmy Gomez,(D),73,22,51,,,
CA-35,Norma Torres,(D),52,45,8,,,
CA-36,Ted Lieu,(D),68,29,39,,,
CA-37,Sydney Kamlager-Dove,(D),79,18,60,,,
CA-38,Linda Sanchez,(D),55,42,12,,,
CA-39,Mark Takano,(D),53,44,9,,,
CA-40,Young Kim,(R),42,55,-12,,,
CA-41,Ken Calvert,(R),56,41,14,,,
CA-42,Robert Garcia,(D),55,42,13,,,
CA-43,Maxine Waters,(D),73,24,49,,,
CA-44,Nanette Barragan,(D),66,31,35,,,
CA-45,Derek Tran,(D),51,47,4,,,
CA-46,Lou Correa,(D),57,40,16,,,
CA-47,Dave Min,(D),53,43,10,,,
CA-48,Darrell Issa,(R),50,47,3,,,
CA-49,Mike Levin,(D),55,42,12,,,
CA-50,Scott Peters,(D),58,39,18,,,
CA-51,Sara Jacobs,(D),58,39,18,,,
CA-52,Juan Vargas,(D),57,40,18,,,
CO-01,Diana DeGette,(D),77,21,56,80,18,61
CO-02,Joe Neguse,(D),69,29,40,69,29,40
CO-03,Jeff Hurd,(R),44,54,-10,45,53,-8
CO-04,Lauren Boebert,(R),40,58,-18,39,58,-19
CO-05,Jeff Crank,(R),44,53,-9,43,53,-10
CO-06,Jason Crow,(D),58,39,20,61,37,24
CO-07,Brittany Pettersen,(D),56,41,15,56,42,14
CO-08,Gabe Evans,(R),48,50,-2,51,46,5
CT-01,John Larson,(D),61,38,23,63,35,28
CT-02,Joe Courtney,(D),53,45,8,55,43,11
CT-03,Rosa DeLauro,(D),56,42,14,59,40,20
CT-04,Jim Himes,(D),61,38,23,65,34,31
CT-05,Jahana Hayes,(D),52,46,6,55,44,11
DE-AL,Sarah McBride,(D),57,42,15,59,40,19
FL-01,Jimmy Patronis,(R),31,68,-37,,,
FL-02,Neal Dunn,(R),41,59,-18,,,
FL-03,Kat Cammack,(R),39,60,-21,,,
FL-04,Aaron Bean,(R),44,55,-12,,,
FL-05,John Rutherford,(R),39,60,-21,,,
FL-06,Randy Fine,(R),35,65,-30,,,
FL-07,Cory Mills,(R),43,56,-12,,,
FL-08,Mike Haridopolos,(R),41,58,-16,,,
FL-09,Darren Soto,(D),41,58,-18,,,
FL-10,Maxwell Frost,(D),61,37,24,,,
FL-11,Daniel Webster,(R),42,57,-16,,,
FL-12,Gus Bilirakis,(R),42,57,-15,,,
FL-13,Anna Paulina Luna,(R),43,56,-13,,,
FL-14,Kathy Castor,(D),44,55,-11,,,
FL-15,Laurel Lee,(R),39,59,-20,,,
FL-16,Vern Buchanan,(R),43,56,-14,,,
FL-17,Greg Steube,(R),39,61,-22,,,
FL-18,Scott Franklin,(R),41,58,-17,,,
FL-19,Byron Donalds,(R),35,65,-30,,,
FL-20,VACANT (Cherfilus-McCormick),(D),68,31,37,,,
FL-21,Brian Mast,(R),42,58,-16,,,
FL-22,Lois Frankel,(D),44,55,-10,,,
FL-23,Jared Moskowitz,(D),56,43,14,,,
FL-24,Frederica Wilson,(D),69,30,39,,,
FL-25,Debbie Wasserman Schultz,(D),45,54,-9,,,
FL-26,Mario Diaz-Balart,(R),40,59,-18,,,
FL-27,Maria Elvira Salazar,(R),42,57,-15,,,
FL-28,Carlos Gimenez,(R),37,62,-25,,,
GA-01,Buddy Carter,(R),42,58,-16,43,56,-13
GA-02,Sanford Bishop,(D),54,46,8,55,44,10
GA-03,Brian Jack,(R),35,65,-30,34,64,-30
GA-04,Hank Johnson,(D),76,23,52,78,21,58
GA-05,Nikema Williams,(D),85,14,72,86,13,73
GA-06,Lucy McBath,(D),75,25,50,74,25,49
GA-07,Rich McCormick,(R),38,60,-22,40,59,-19
GA-08,Austin Scott,(R),35,65,-31,36,63,-28
GA-09,Andrew Clyde,(R),33,67,-34,33,65,-32
GA-10,Mike Collins,(R),39,60,-21,39,60,-21
GA-11,Barry Loudermilk,(R),38,61,-23,38,60,-22
GA-12,Rick Allen,(R),43,57,-14,44,54,-10
GA-13,Everton Blair,(D),71,28,42,70,29,41
GA-14,Clay Fuller,(R),31,68,-37,31,68,-38
HI-01,Ed Case,(D),62,37,25,64,34,29
HI-02,Jill Tokuda,(D),60,38,22,64,34,30
IA-01,Mariannette Miller-Meeks,(R),45,54,-8,48,51,-3
IA-02,Ashley Hinson,(R),44,54,-10,47,51,-4
IA-03,Zach Nunn,(R),47,52,-4,49,49,0
IA-04,Randy Feenstra,(R),34,65,-31,36,62,-26
ID-01,Russ Fulcher,(R),26,71,-45,30,68,-38
ID-02,Mike Simpson,(R),35,62,-27,37,60,-23
IL-01,Jonathan Jackson,(D),65,33,32,70,28,42
IL-02,Robin Kelly,(D),66,33,33,69,29,40
IL-03,Delia Ramirez,(D),65,34,31,70,28,41
IL-04,Chuy Garcia,(D),63,35,28,72,26,46
IL-05,Mike Quigley,(D),68,31,37,69,29,40
IL-06,Sean Casten,(D),52,47,5,55,44,11
IL-07,Danny Davis,(D),82,17,65,86,13,73
IL-08,Raja Krishnamoorthi,(D),53,46,7,57,41,15
IL-09,Jan Schakowsky,(D),68,31,37,70,28,42
IL-10,Brad Schneider,(D),60,38,22,62,36,26
IL-11,Bill Foster,(D),55,44,11,57,41,15
IL-12,Mike Bost,(R),28,71,-43,28,71,-43
IL-13,Nikki Budzinski,(D),54,44,10,54,43,11
IL-14,Lauren Underwood,(D),52,47,5,55,43,11
IL-15,Mary Miller,(R),29,69,-40,30,68,-39
IL-16,Darin LaHood,(R),38,61,-23,38,60,-22
IL-17,Eric Sorensen,(D),52,47,5,53,45,8
IN-01,Frank Mrvan,(D),49,49,0,53,45,8
IN-02,Rudy Yakym,(R),36,62,-27,38,60,-23
IN-03,Marlin Stutzman,(R),34,65,-31,34,64,-30
IN-04,Jim Baird,(R),34,64,-29,34,63,-29
IN-05,Victoria Spartz,(R),41,57,-17,41,57,-16
IN-06,Jefferson Shreve,(R),33,65,-33,33,65,-32
IN-07,Andre Carson,(D),70,28,41,70,28,42
IN-08,Mark Messmer,(R),31,67,-36,33,66,-33
IN-09,Erin Houchin,(R),34,64,-30,35,63,-27
KS-01,Tracey Mann,(R),33,65,-31,34,64,-30
KS-02,Derek Schmidt,(R),39,59,-20,41,57,-16
KS-03,Sharice Davids,(D),51,47,4,51,47,4
KS-04,Ron Estes,(R),38,61,-23,38,60,-22
KY-01,James Comer,(R),26,73,-47,28,71,-43
KY-02,Brett Guthrie,(R),29,70,-41,31,68,-37
KY-03,Morgan McGarvey,(D),59,40,19,60,38,22
KY-04,Thomas Massie,(R),31,67,-36,33,65,-33
KY-05,Hal Rogers,(R),17,81,-64,20,79,-59
KY-06,Andy Barr,(R),42,57,-15,44,55,-11
LA-01,Steve Scalise,(R),30,68,-38,,,
LA-02,Troy Carter,(D),73,25,47,,,
LA-03,Clay Higgins,(R),31,67,-36,,,
LA-04,Mike Johnson,(R),32,67,-34,,,
LA-05,Julia Letlow,(R),32,66,-34,,,
LA-06,Cleo Fields,(D),34,64,-30,,,
MA-01,Richard Neal,(D),56,42,14,60,38,22
MA-02,Jim McGovern,(D),61,37,24,64,34,31
MA-03,Lori Trahan,(D),58,39,19,63,35,27
MA-04,Jake Auchincloss,(D),59,39,20,63,35,28
MA-05,Katherine Clark,(D),71,26,45,75,24,51
MA-06,Seth Moulton,(D),59,39,21,63,35,28
MA-07,Ayanna Pressley,(D),80,17,63,86,13,72
MA-08,Stephen Lynch,(D),62,36,26,67,31,35
MA-09,Bill Keating,(D),55,44,11,58,40,18
MD-01,Andy Harris,(R),40,57,-17,42,56,-15
MD-02,Johnny Olszewski,(D),58,40,18,59,39,21
MD-03,Sarah Elfreth,(D),60,37,24,62,36,26
MD-04,Glenn Ivey,(D),85,12,74,90,9,81
MD-05,Steny Hoyer,(D),66,32,33,67,31,36
MD-06,April McClain Delaney,(D),52,46,6,54,44,10
MD-07,Kweisi Mfume,(D),78,19,59,81,17,63
MD-08,Jamie Raskin,(D),77,20,56,81,18,63
ME-01,Chellie Pingree,(D),60,38,22,60,37,23
ME-02,Jared Golden,(D),44,54,-9,45,52,-6
MI-01,Jack Bergman,(R),39,60,-21,39,59,-20
MI-02,John Moolenaar,(R),34,64,-30,35,63,-28
MI-03,Hillary Scholten,(D),53,45,8,53,45,8
MI-04,Bill Huizenga,(R),46,52,-6,47,51,-4
MI-05,Tim Walberg,(R),36,63,-27,37,61,-24
MI-06,Debbie Dingell,(D),60,37,23,63,36,27
MI-07,Tom Barrett,(R),49,50,-1,49,49,1
MI-08,Kristen McDonald Rivet,(D),48,50,-2,50,48,2
MI-09,Lisa McClain,(R),33,65,-32,35,64,-29
MI-10,John James,(R),46,52,-7,49,50,-1
MI-11,Haley Stevens,(D),57,41,16,59,39,20
MI-12,Rashida Tlaib,(D),67,29,38,74,25,49
MI-13,Shri Thanedar,(D),69,28,41,74,25,50
MN-01,Brad Finstad,(R),43,55,-12,44,54,-9
MN-02,Angie Craig,(D),52,46,6,53,45,7
MN-03,Kelly Morrison,(D),60,38,21,60,39,21
MN-04,Betty McCollum,(D),67,31,36,68,30,38
MN-05,Ilhan Omar,(D),80,18,62,81,17,63
MN-06,Tom Emmer,(R),39,59,-20,40,58,-18
MN-07,Michelle Fischbach,(R),31,67,-36,32,66,-33
MN-08,Pete Stauber,(R),42,56,-14,43,55,-11
MO-01,Wesley Bell,(D),78,21,57,78,20,58
MO-02,Ann Wagner,(R),45,53,-8,45,53,-8
MO-03,Bob Onder,(R),36,63,-27,36,62,-26
MO-04,Mark Alford,(R),28,71,-42,29,69,-39
MO-05,Emanuel Cleaver,(D),61,38,23,62,36,26
MO-06,Sam Graves,(R),30,69,-39,31,68,-37
MO-07,Eric Burlison,(R),28,71,-43,28,70,-41
MO-08,Jason Smith,(R),22,77,-54,24,75,-51
MS-01,Trent Kelly,(R),31,68,-37,33,65,-32
MS-02,Bennie Thompson,(D),60,39,20,62,36,26
MS-03,Michael Guest,(R),35,64,-29,37,62,-24
MS-04,Mike Ezell,(R),28,71,-43,30,68,-38
MT-01,Ryan Zinke,(R),43,54,-12,45,52,-7
MT-02,Troy Downing,(R),34,63,-30,35,62,-27
NC-01,Don Davis,(D),44,55,-12,,,
NC-02,Deborah Ross,(D),66,32,34,,,
NC-03,Greg Murphy,(R),43,56,-14,,,
NC-04,Valerie Foushee,(D),72,27,45,,,
NC-05,Virginia Foxx,(R),41,58,-18,,,
NC-06,Addison McDowell,(R),41,58,-17,,,
NC-07,David Rouzer,(R),43,56,-14,,,
NC-08,Mark Harris,(R),40,59,-19,,,
NC-09,Richard Hudson,(R),42,57,-16,,,
NC-10,Pat Harrigan,(R),41,58,-18,,,
NC-11,Chuck Edwards,(R),45,54,-10,,,
NC-12,Alma Adams,(D),72,26,46,,,
NC-13,Brad Knott,(R),41,58,-16,,,
NC-14,Tim Moore,(R),42,57,-15,,,
ND-AL,Julie Fedorchak,(R),31,68,-37,32,65,-34
NE-01,Mike Flood,(R),43,56,-13,43,54,-11
NE-02,Don Bacon,(R),52,47,5,52,46,6
NE-03,Adrian Smith,(R),23,76,-54,23,75,-52
NH-01,Chris Pappas,(D),51,49,2,52,46,6
NH-02,Maggie Goodlander,(D),51,48,4,54,45,9
NJ-01,Donald Norcross,(D),59,40,19,62,37,24
NJ-02,Jeff Van Drew,(R),43,56,-13,47,52,-5
NJ-03,Herb Conaway,(D),53,45,8,56,42,14
NJ-04,Chris Smith,(R),34,64,-30,38,61,-22
NJ-05,Josh Gottheimer,(D),50,48,2,56,43,12
NJ-06,Frank Pallone,(D),52,46,6,59,40,19
NJ-07,Tom Kean,(R),48,50,-1,51,47,4
NJ-08,Rob Menendez,(D),61,37,24,72,27,45
NJ-09,Nellie Pou,(D),48,49,-1,59,40,19
NJ-10,LaMonica McIver,(D),75,24,51,81,19,62
NJ-11,Analilia Mejia,(D),53,45,9,58,41,17
NJ-12,Bonnie Watson Coleman,(D),61,37,24,67,32,34
NM-01,Melanie Stansbury,(D),55,42,13,56,42,14
NM-02,Gabe Vasquez,(D),48,50,-2,52,46,6
NM-03,Teresa Leger Fernandez,(D),52,46,5,54,44,11
NV-01,Dina Titus,(D),50,48,2,53,45,9
NV-02,Mark Amodei,(R),42,56,-14,43,54,-11
NV-03,Susie Lee,(D),49,50,-1,52,46,7
NV-04,Steven Horsford,(D),50,48,2,53,45,8
NY-01,Nick LaLota,(R),44,54,-10,49,50,-2
NY-02,Andrew Garbarino,(R),43,56,-14,48,51,-2
NY-03,Tom Suozzi,(D),47,51,-4,55,44,11
NY-04,Laura Gillen,(D),50,49,1,57,42,15
NY-05,Gregory Meeks,(D),70,28,42,81,19,62
NY-06,Grace Meng,(D),52,46,6,64,35,29
NY-07,Nydia Velazquez,(D),72,26,46,80,19,61
NY-08,Hakeem Jeffries,(D),71,27,44,77,22,56
NY-09,Yvette Clarke,(D),69,29,41,76,24,52
NY-10,Dan Goldman,(D),79,19,60,85,14,71
NY-11,Nicole Malliotakis,(R),37,61,-24,46,53,-8
NY-12,Jerry Nadler,(D),81,17,64,85,14,71
NY-13,Adriano Espaillat,(D),79,20,59,88,11,77
NY-14,Alexandria Ocasio-Cortez,(D),65,33,32,77,22,55
NY-15,Ritchie Torres,(D),74,25,48,85,14,71
NY-16,George Latimer,(D),66,33,33,72,27,45
NY-17,Mike Lawler,(R),50,49,1,54,44,10
NY-18,Pat Ryan,(D),51,48,3,54,45,9
NY-19,Josh Riley,(D),50,49,2,51,47,4
NY-20,Paul Tonko,(D),56,42,14,59,39,19
NY-21,Elise Stefanik,(R),39,60,-21,41,57,-16
NY-22,John Mannion,(D),54,46,8,55,43,11
NY-23,Nick Langworthy,(R),39,60,-21,40,58,-18
NY-24,Claudia Tenney,(R),38,61,-23,39,59,-20
NY-25,Joe Morelle,(D),59,40,18,59,39,21
NY-26,Tim Kennedy,(D),59,40,19,62,37,25
OH-01,Greg Landsman,(D),48,51,-3,,,
OH-02,David Taylor,(R),29,71,-42,,,
OH-03,Joyce Beatty,(D),70,29,40,,,
OH-04,Jim Jordan,(R),28,71,-43,,,
OH-05,Bob Latta,(R),38,61,-24,,,
OH-06,Michael Rulli,(R),32,67,-35,,,
OH-07,Max Miller,(R),44,55,-11,,,
OH-08,Warren Davidson,(R),42,57,-16,,,
OH-09,Marcy Kaptur,(D),44,55,-11,,,
OH-10,Mike Turner,(R),46,53,-8,,,
OH-11,Shontel Brown,(D),77,22,55,,,
OH-12,Troy Balderson,(R),35,65,-30,,,
OH-13,Emilia Sykes,(D),51,48,3,,,
OH-14,Dave Joyce,(R),39,60,-20,,,
OH-15,Mike Carey,(R),45,55,-10,,,
OK-01,Kevin Hern,(R),38,60,-22,38,59,-21
OK-02,Josh Brecheen,(R),21,77,-56,22,76,-53
OK-03,Frank Lucas,(R),26,72,-46,27,71,-45
OK-04,Tom Cole,(R),32,66,-33,33,65,-32
OK-05,Stephanie Bice,(R),40,58,-18,40,57,-17
OR-01,Suzanne Bonamici,(D),67,29,38,68,29,39
OR-02,Cliff Bentz,(R),35,62,-27,37,61,-24
OR-03,Maxine Dexter,(D),71,25,46,73,25,47
OR-04,Val Hoyle,(D),55,42,12,55,42,13
OR-05,Janelle Bynum,(D),53,44,9,53,44,9
OR-06,Andrea Salinas,(D),54,43,11,55,42,13
PA-01,Brian Fitzpatrick,(R),50,49,0,52,47,5
PA-02,Brendan Boyle,(D),67,32,36,71,28,43
PA-03,Dwight Evans,(D),88,11,77,90,9,81
PA-04,Madeleine Dean,(D),57,42,16,59,40,19
PA-05,Mary Gay Scanlon,(D),64,35,29,66,33,32
PA-06,Chrissy Houlahan,(D),55,44,11,57,42,15
PA-07,Ryan Mackenzie,(R),48,51,-3,50,49,1
PA-08,Rob Bresnahan,(R),45,54,-9,48,51,-3
PA-09,Dan Meuser,(R),31,69,-38,31,68,-37
PA-10,Scott Perry,(R),47,52,-5,47,51,-4
PA-11,Lloyd Smucker,(R),39,60,-21,39,60,-21
PA-12,Summer Lee,(D),59,40,19,59,39,20
PA-13,John Joyce,(R),27,72,-46,27,72,-45
PA-14,Guy Reschenthaler,(R),33,66,-33,34,65,-32
PA-15,Glenn Thompson,(R),31,69,-38,31,68,-37
PA-16,Mike Kelly,(R),38,61,-23,39,60,-21
PA-17,Chris Deluzio,(D),52,47,6,52,46,6
RI-01,Gabe Amo,(D),60,38,22,64,35,29
RI-02,Seth Magaziner,(D),52,46,7,56,42,14
SC-01,Nancy Mace,(R),43,56,-13,45,53,-9
SC-02,Joe Wilson,(R),42,56,-14,44,55,-11
SC-03,Sheri Biggs,(R),28,71,-43,31,68,-37
SC-04,William Timmons,(R),37,61,-24,40,58,-19
SC-05,Ralph Norman,(R),38,61,-23,40,58,-18
SC-06,Jim Clyburn,(D),61,38,23,65,33,32
SC-07,Russell Fry,(R),36,63,-26,40,59,-19
SD-AL,Dusty Johnson,(R),34,63,-29,36,62,-26
TN-01,Diana Harshbarger,(R),21,78,-58,,,
TN-02,Tim Burchett,(R),32,66,-34,,,
TN-03,Chuck Fleischmann,(R),31,67,-36,,,
TN-04,Scott DesJarlais,(R),37,61,-24,,,
TN-05,Andy Ogles,(R),38,61,-23,,,
TN-06,John Rose,(R),36,63,-27,,,
TN-07,Matt Van Epps,(R),38,60,-22,,,
TN-08,David Kustoff,(R),39,59,-20,,,
TN-09,Steve Cohen,(D),39,60,-21,,,
TX-01,Nathaniel Moran,(R),25,74,-50,,,
TX-02,Dan Crenshaw,(R),38,61,-23,,,
TX-03,Keith Self,(R),37,61,-23,,,
TX-04,Pat Fallon,(R),37,61,-25,,,
TX-05,Lance Gooden,(R),39,60,-22,,,
TX-06,Jake Ellzey,(R),38,61,-23,,,
TX-07,Lizzie Fletcher,(D),60,37,23,,,
TX-08,Morgan Luttrell,(R),36,63,-28,,,
TX-09,Al Green,(D),40,59,-20,,,
TX-10,Michael McCaul,(R),38,61,-23,,,
TX-11,August Pfluger,(R),32,67,-34,,,
TX-12,Craig Goldman,(R),38,61,-24,,,
TX-13,Ronny Jackson,(R),26,73,-46,,,
TX-14,Randy Weber,(R),37,62,-24,,,
TX-15,Monica De La Cruz,(R),41,59,-18,,,
TX-16,Veronica Escobar,(D),58,41,16,,,
TX-17,Pete Sessions,(R),39,60,-22,,,
TX-18,Christian Menefee,(D),77,22,55,,,
TX-19,Jodey Arrington,(R),24,75,-52,,,
TX-20,Joaquin Castro,(D),64,35,29,,,
TX-21,Chip Roy,(R),39,60,-22,,,
TX-22,Troy Nehls,(R),38,60,-22,,,
TX-23,VACANT (Gonzales),(R),42,57,-15,,,
TX-24,Beth Van Duyne,(R),41,57,-16,,,
TX-25,Roger Williams,(R),37,62,-24,,,
TX-26,Brandon Gill,(R),37,61,-24,,,
TX-27,Michael Cloud,(R),39,60,-21,,,
TX-28,Henry Cuellar,(D),44,55,-10,,,
TX-29,Sylvia Garcia,(D),65,34,30,,,
TX-30,Jasmine Crockett,(D),73,26,47,,,
TX-31,John Carter,(R),38,60,-22,,,
TX-32,Julie Johnson,(D),40,58,-18,,,
TX-33,Marc Veasey,(D),65,33,33,,,
TX-34,Vicente Gonzalez,(D),45,55,-10,,,
TX-35,Greg Casar,(D),44,55,-10,,,
TX-36,Brian Babin,(R),37,62,-25,,,
TX-37,Lloyd Doggett,(D),77,21,57,,,
TX-38,Wesley Hunt,(R),39,60,-21,,,
UT-01,Blake Moore,(R),60,37,24,,,
UT-02,Celeste Maloy,(R),34,63,-29,,,
UT-03,Mike Kennedy,(R),28,69,-41,,,
UT-04,Burgess Owens,(R),32,65,-33,,,
VA-01,Rob Wittman,(R),47,52,-5,46,52,-6
VA-02,Jen Kiggans,(R),49,50,0,50,48,2
VA-03,Bobby Scott,(D),67,32,35,68,30,38
VA-04,Jennifer McClellan,(D),66,33,33,67,32,36
VA-05,John McGuire,(R),43,56,-12,45,53,-8
VA-06,Ben Cline,(R),37,61,-24,38,60,-22
VA-07,Eugene Vindman,(D),51,48,3,53,46,7
VA-08,Don Beyer,(D),74,24,50,77,21,56
VA-09,Morgan Griffith,(R),28,72,-44,28,70,-42
VA-10,Suhas Subramanyam,(D),53,45,8,58,40,18
VA-11,James Walkinshaw,(D),66,31,34,70,29,41
VT-AL,Becca Balint,(D),64,33,32,66,31,36
WA-01,Suzan DelBene,(D),63,34,29,64,33,31
WA-02,Rick Larsen,(D),60,37,24,60,37,23
WA-03,Marie Gluesenkamp Perez,(D),47,50,-3,47,51,-4
WA-04,Dan Newhouse,(R),38,59,-21,40,57,-17
WA-05,Michael Baumgartner,(R),43,54,-11,44,54,-10
WA-06,Emily Randall,(D),58,39,19,57,40,17
WA-07,Pramila Jayapal,(D),86,11,75,87,11,76
WA-08,Kim Schrier,(D),51,46,6,52,45,7
WA-09,Adam Smith,(D),69,28,41,72,26,45
WA-10,Marilyn Strickland,(D),57,39,18,57,40,18
WI-01,Bryan Steil,(R),47,52,-5,48,50,-2
WI-02,Mark Pocan,(D),69,29,40,70,28,42
WI-03,Derrick Van Orden,(R),46,53,-7,47,51,-5
WI-04,Gwen Moore,(D),75,23,52,76,23,53
WI-05,Scott Fitzgerald,(R),38,60,-22,38,61,-23
WI-06,Glenn Grothman,(R),41,58,-16,41,57,-16
WI-07,Tom Tiffany,(R),38,61,-23,39,59,-20
WI-08,Tony Wied,(R),41,57,-16,41,57,-15
WV-01,Carol Miller,(R),27,71,-44,29,70,-41
WV-02,Riley Moore,(R),29,69,-40,31,68,-37
WY-AL,Harriet Hageman,(R),26,72,-46,27,70,-44